Time,Stage,Name,Code,TAC(ns),ParentCmdTime,ParentCmdName
20,Command,Program,20,45.00,0,
75,Address,Address,B0,50.00,20,Program
135,Address,Address,B1,50.00,20,Program
195,Address,Address,B2,50.00,20,Program
255,Address,Address,B3,50.00,20,Program
315,Address,Address,B4,50.00,20,Program
375,Address,Address,B5,50.00,20,Program
450,Command,Read,10,25.00,0,
485,Address,Address,F0,50.00,450,Read
545,Address,Address,F1,50.00,450,Read
605,Address,Address,F2,50.00,450,Read
665,Address,Address,F3,50.00,450,Read
725,Address,Address,F4,50.00,450,Read
785,Address,Address,F5,50.00,450,Read
860,Command,Read,10,45.00,0,
915,Address,Address,C0,50.00,860,Read
975,Address,Address,C1,50.00,860,Read
1035,Address,Address,C2,50.00,860,Read
1095,Address,Address,C3,50.00,860,Read
1155,Address,Address,C4,50.00,860,Read
1215,Address,Address,C5,50.00,860,Read
1290,Command,Read,10,45.00,0,
1345,Address,Address,C0,50.00,1290,Read
1405,Address,Address,C1,50.00,1290,Read
1465,Address,Address,C2,50.00,1290,Read
1525,Address,Address,C3,50.00,1290,Read
1585,Address,Address,C4,50.00,1290,Read
1645,Address,Address,C5,50.00,1290,Read
1720,Command,Program,20,45.00,0,
1775,Address,Address,B0,50.00,1720,Program
1835,Address,Address,B1,50.00,1720,Program
1895,Address,Address,B2,50.00,1720,Program
1955,Address,Address,B3,50.00,1720,Program
2015,Address,Address,B4,50.00,1720,Program
2075,Address,Address,B5,50.00,1720,Program
2610,Command,Unknown,7E,45.00,0,
2665,Address,Address,B0,50.00,2610,Unknown
2725,Address,Address,B1,50.00,2610,Unknown
2785,Address,Address,B2,50.00,2610,Unknown
2845,Address,Address,B3,50.00,2610,Unknown
2905,Address,Address,B4,50.00,2610,Unknown
2965,Address,Address,B5,50.00,2610,Unknown
3040,Command,Erase,30,45.00,0,
3095,Address,Address,A0,50.00,3040,Erase
3155,Address,Address,A1,50.00,3040,Erase
3215,Address,Address,A2,50.00,3040,Erase
3275,Address,Address,A3,45.00,3040,Erase
3330,Address,Address,A4,45.00,3040,Erase
3385,Address,Address,A5,45.00,3040,Erase
3455,Command,Program,20,45.00,0,
3825,Command,Erase,30,45.00,0,
3880,Address,Address,A0,50.00,3825,Erase
3940,Address,Address,A1,50.00,3825,Erase
4000,Address,Address,A2,50.00,3825,Erase
4060,Address,Address,A3,50.00,3825,Erase
4120,Address,Address,A4,50.00,3825,Erase
4180,Address,Address,A5,50.00,3825,Erase
4255,Command,Program,20,25.00,0,
4290,Address,Address,E0,50.00,4255,Program
4350,Address,Address,E1,50.00,4255,Program
4410,Address,Address,E2,50.00,4255,Program
4470,Address,Address,E3,50.00,4255,Program
4530,Address,Address,E4,50.00,4255,Program
4590,Address,Address,E5,50.00,4255,Program
4665,Command,Read,10,45.00,0,
4720,Address,Address,C0,50.00,4665,Read
4780,Address,Address,C1,50.00,4665,Read
4840,Address,Address,C2,50.00,4665,Read
4900,Address,Address,C3,45.00,4665,Read
4955,Address,Address,C4,45.00,4665,Read
5010,Address,Address,C5,45.00,4665,Read
5080,Command,Erase,30,25.00,0,
5115,Address,Address,D0,50.00,5080,Erase
5175,Address,Address,D1,50.00,5080,Erase
5235,Address,Address,D2,50.00,5080,Erase
5295,Address,Address,D3,50.00,5080,Erase
5355,Address,Address,D4,50.00,5080,Erase
5415,Address,Address,D5,50.00,5080,Erase
5490,Command,Erase,30,25.00,0,
5525,Address,Address,D0,50.00,5490,Erase
5585,Address,Address,D1,50.00,5490,Erase
5645,Address,Address,D2,50.00,5490,Erase
5705,Address,Address,D3,50.00,5490,Erase
5765,Address,Address,D4,50.00,5490,Erase
5825,Address,Address,D5,50.00,5490,Erase
5900,Command,Program,20,25.00,0,
5935,Address,Address,E0,50.00,5900,Program
5995,Address,Address,E1,50.00,5900,Program
6055,Address,Address,E2,50.00,5900,Program
6115,Address,Address,E3,50.00,5900,Program
6175,Address,Address,E4,50.00,5900,Program
6235,Address,Address,E5,50.00,5900,Program
6310,Command,Erase,30,45.00,0,
6365,Address,Address,A0,50.00,6310,Erase
6425,Address,Address,A1,50.00,6310,Erase
6485,Address,Address,A2,50.00,6310,Erase
6545,Address,Address,A3,50.00,6310,Erase
6605,Address,Address,A4,50.00,6310,Erase
6665,Address,Address,A5,50.00,6310,Erase
6740,Command,Unknown,7E,45.00,0,
6795,Address,Address,B0,50.00,6740,Unknown
6855,Address,Address,B1,50.00,6740,Unknown
6915,Address,Address,B2,50.00,6740,Unknown
6975,Address,Address,B3,50.00,6740,Unknown
7035,Address,Address,B4,50.00,6740,Unknown
7095,Address,Address,B5,50.00,6740,Unknown
7170,Command,Read,10,45.00,0,
7225,Address,Address,C0,50.00,7170,Read
7285,Address,Address,C1,50.00,7170,Read
7345,Address,Address,C2,50.00,7170,Read
7405,Address,Address,C3,45.00,7170,Read
7460,Address,Address,C4,45.00,7170,Read
7515,Address,Address,C5,45.00,7170,Read
7585,Command,Program,20,45.00,0,
7640,Address,Address,B0,50.00,7585,Program
7700,Address,Address,B1,50.00,7585,Program
7760,Address,Address,B2,50.00,7585,Program
7820,Address,Address,B3,45.00,7585,Program
7875,Address,Address,B4,45.00,7585,Program
7930,Address,Address,B5,45.00,7585,Program
8070,Command,Program,20,25.00,0,
8105,Address,Address,E0,50.00,8070,Program
8165,Address,Address,E1,50.00,8070,Program
8225,Address,Address,E2,50.00,8070,Program
8285,Address,Address,E3,50.00,8070,Program
8345,Address,Address,E4,50.00,8070,Program
8405,Address,Address,E5,50.00,8070,Program
8480,Command,Erase,30,25.00,0,
8515,Address,Address,D0,50.00,8480,Erase
8575,Address,Address,D1,50.00,8480,Erase
8635,Address,Address,D2,50.00,8480,Erase
8695,Address,Address,D3,50.00,8480,Erase
8755,Address,Address,D4,50.00,8480,Erase
8815,Address,Address,D5,50.00,8480,Erase
8890,Command,Read,10,45.00,0,
8945,Address,Address,C0,50.00,8890,Read
9005,Address,Address,C1,50.00,8890,Read
9065,Address,Address,C2,50.00,8890,Read
9125,Address,Address,C3,45.00,8890,Read
9180,Address,Address,C4,45.00,8890,Read
9235,Address,Address,C5,45.00,8890,Read
9305,Command,Unknown,7E,45.00,0,
9360,Address,Address,B0,50.00,9305,Unknown
9420,Address,Address,B1,50.00,9305,Unknown
9480,Address,Address,B2,50.00,9305,Unknown
9540,Address,Address,B3,50.00,9305,Unknown
9600,Address,Address,B4,50.00,9305,Unknown
9660,Address,Address,B5,50.00,9305,Unknown
9735,Command,Read,10,45.00,0,
9790,Address,Address,C0,50.00,9735,Read
9850,Address,Address,C1,50.00,9735,Read
9910,Address,Address,C2,50.00,9735,Read
9970,Address,Address,C3,50.00,9735,Read
10030,Address,Address,C4,50.00,9735,Read
10090,Address,Address,C5,50.00,9735,Read
10165,Command,Erase,30,25.00,0,
10200,Address,Address,D0,50.00,10165,Erase
10260,Address,Address,D1,50.00,10165,Erase
10320,Address,Address,D2,50.00,10165,Erase
10380,Address,Address,D3,50.00,10165,Erase
10440,Address,Address,D4,50.00,10165,Erase
10500,Address,Address,D5,50.00,10165,Erase
10575,Command,Erase,30,45.00,0,
10630,Address,Address,A0,50.00,10575,Erase
10690,Address,Address,A1,50.00,10575,Erase
10750,Address,Address,A2,50.00,10575,Erase
10810,Address,Address,A3,45.00,10575,Erase
10865,Address,Address,A4,45.00,10575,Erase
10920,Address,Address,A5,45.00,10575,Erase
10990,Command,Read,10,25.00,0,
11025,Address,Address,F0,50.00,10990,Read
11085,Address,Address,F1,50.00,10990,Read
11145,Address,Address,F2,50.00,10990,Read
11205,Address,Address,F3,50.00,10990,Read
11265,Address,Address,F4,50.00,10990,Read
11325,Address,Address,F5,50.00,10990,Read
11400,Command,Program,20,45.00,0,
11455,Address,Address,B0,50.00,11400,Program
11515,Address,Address,B1,50.00,11400,Program
11575,Address,Address,B2,50.00,11400,Program
11635,Address,Address,B3,45.00,11400,Program
11690,Address,Address,B4,45.00,11400,Program
11745,Address,Address,B5,45.00,11400,Program
12275,Command,Erase,30,45.00,0,
12330,Address,Address,A0,50.00,12275,Erase
12390,Address,Address,A1,50.00,12275,Erase
12450,Address,Address,A2,50.00,12275,Erase
12510,Address,Address,A3,45.00,12275,Erase
12565,Address,Address,A4,45.00,12275,Erase
12620,Address,Address,A5,45.00,12275,Erase
12690,Command,Program,20,45.00,0,
13060,Command,Erase,30,45.00,0,
13115,Address,Address,A0,50.00,13060,Erase
13175,Address,Address,A1,50.00,13060,Erase
13235,Address,Address,A2,50.00,13060,Erase
13295,Address,Address,A3,50.00,13060,Erase
13355,Address,Address,A4,50.00,13060,Erase
13415,Address,Address,A5,50.00,13060,Erase
13490,Command,Read,10,45.00,0,
13545,Address,Address,C0,50.00,13490,Read
13605,Address,Address,C1,50.00,13490,Read
13665,Address,Address,C2,50.00,13490,Read
13725,Address,Address,C3,45.00,13490,Read
13780,Address,Address,C4,45.00,13490,Read
13835,Address,Address,C5,45.00,13490,Read
13905,Command,Read,10,45.00,0,
13960,Address,Address,C0,50.00,13905,Read
14020,Address,Address,C1,50.00,13905,Read
14080,Address,Address,C2,50.00,13905,Read
14140,Address,Address,C3,45.00,13905,Read
14195,Address,Address,C4,45.00,13905,Read
14250,Address,Address,C5,45.00,13905,Read
14320,Command,Program,20,45.00,0,
15150,Command,Read,10,25.00,0,
15185,Address,Address,F0,50.00,15150,Read
15245,Address,Address,F1,50.00,15150,Read
15305,Address,Address,F2,50.00,15150,Read
15365,Address,Address,F3,50.00,15150,Read
15425,Address,Address,F4,50.00,15150,Read
15485,Address,Address,F5,50.00,15150,Read
15560,Command,Erase,30,45.00,0,
15615,Address,Address,A0,50.00,15560,Erase
15675,Address,Address,A1,50.00,15560,Erase
15735,Address,Address,A2,50.00,15560,Erase
15795,Address,Address,A3,45.00,15560,Erase
15850,Address,Address,A4,45.00,15560,Erase
15905,Address,Address,A5,45.00,15560,Erase
15975,Command,Read,10,45.00,0,
16030,Address,Address,C0,50.00,15975,Read
16090,Address,Address,C1,50.00,15975,Read
16150,Address,Address,C2,50.00,15975,Read
16210,Address,Address,C3,50.00,15975,Read
16270,Address,Address,C4,50.00,15975,Read
16330,Address,Address,C5,50.00,15975,Read
16405,Command,Erase,30,45.00,0,
16460,Address,Address,A0,50.00,16405,Erase
16520,Address,Address,A1,50.00,16405,Erase
16580,Address,Address,A2,50.00,16405,Erase
16640,Address,Address,A3,45.00,16405,Erase
16695,Address,Address,A4,45.00,16405,Erase
16750,Address,Address,A5,45.00,16405,Erase
17420,Command,Unknown,7E,45.00,0,
17475,Address,Address,B0,50.00,17420,Unknown
17535,Address,Address,B1,50.00,17420,Unknown
17595,Address,Address,B2,50.00,17420,Unknown
17655,Address,Address,B3,50.00,17420,Unknown
17715,Address,Address,B4,50.00,17420,Unknown
17775,Address,Address,B5,50.00,17420,Unknown
17850,Command,Erase,30,45.00,0,
17905,Address,Address,A0,50.00,17850,Erase
17965,Address,Address,A1,50.00,17850,Erase
18025,Address,Address,A2,50.00,17850,Erase
18085,Address,Address,A3,50.00,17850,Erase
18145,Address,Address,A4,50.00,17850,Erase
18205,Address,Address,A5,50.00,17850,Erase
18280,Command,Read,10,45.00,0,
18335,Address,Address,C0,50.00,18280,Read
18395,Address,Address,C1,50.00,18280,Read
18455,Address,Address,C2,50.00,18280,Read
18515,Address,Address,C3,50.00,18280,Read
18575,Address,Address,C4,50.00,18280,Read
18635,Address,Address,C5,50.00,18280,Read
18710,Command,Unknown,5A,45.00,0,
18765,Address,Address,A0,50.00,18710,Unknown
18825,Address,Address,A1,50.00,18710,Unknown
18885,Address,Address,A2,50.00,18710,Unknown
18945,Address,Address,A3,50.00,18710,Unknown
19005,Address,Address,A4,50.00,18710,Unknown
19065,Address,Address,A5,50.00,18710,Unknown
19140,Command,Program,20,45.00,0,
19510,Command,Unknown,5A,45.00,0,
19565,Address,Address,A0,50.00,19510,Unknown
19625,Address,Address,A1,50.00,19510,Unknown
19685,Address,Address,A2,50.00,19510,Unknown
19745,Address,Address,A3,50.00,19510,Unknown
19805,Address,Address,A4,50.00,19510,Unknown
19865,Address,Address,A5,50.00,19510,Unknown
19940,Command,Read,10,45.00,0,
19995,Address,Address,C0,50.00,19940,Read
20055,Address,Address,C1,50.00,19940,Read
20115,Address,Address,C2,50.00,19940,Read
20175,Address,Address,C3,45.00,19940,Read
20230,Address,Address,C4,45.00,19940,Read
20285,Address,Address,C5,45.00,19940,Read
20815,Command,Unknown,5A,45.00,0,
20870,Address,Address,A0,50.00,20815,Unknown
20930,Address,Address,A1,50.00,20815,Unknown
20990,Address,Address,A2,50.00,20815,Unknown
21050,Address,Address,A3,50.00,20815,Unknown
21110,Address,Address,A4,50.00,20815,Unknown
21170,Address,Address,A5,50.00,20815,Unknown
21245,Command,Unknown,7E,45.00,0,
21300,Address,Address,B0,50.00,21245,Unknown
21360,Address,Address,B1,50.00,21245,Unknown
21420,Address,Address,B2,50.00,21245,Unknown
21480,Address,Address,B3,50.00,21245,Unknown
21540,Address,Address,B4,50.00,21245,Unknown
21600,Address,Address,B5,50.00,21245,Unknown
21675,Command,Program,20,45.00,0,
21730,Address,Address,B0,50.00,21675,Program
21790,Address,Address,B1,50.00,21675,Program
21850,Address,Address,B2,50.00,21675,Program
21910,Address,Address,B3,50.00,21675,Program
21970,Address,Address,B4,50.00,21675,Program
22030,Address,Address,B5,50.00,21675,Program
22105,Command,Program,20,25.00,0,
22140,Address,Address,E0,50.00,22105,Program
22200,Address,Address,E1,50.00,22105,Program
22260,Address,Address,E2,50.00,22105,Program
22320,Address,Address,E3,50.00,22105,Program
22380,Address,Address,E4,50.00,22105,Program
22440,Address,Address,E5,50.00,22105,Program
22515,Command,Program,20,25.00,0,
22550,Address,Address,E0,50.00,22515,Program
22610,Address,Address,E1,50.00,22515,Program
22670,Address,Address,E2,50.00,22515,Program
22730,Address,Address,E3,50.00,22515,Program
22790,Address,Address,E4,50.00,22515,Program
22850,Address,Address,E5,50.00,22515,Program
22925,Command,Program,20,45.00,0,
22980,Address,Address,B0,50.00,22925,Program
23040,Address,Address,B1,50.00,22925,Program
23100,Address,Address,B2,50.00,22925,Program
23160,Address,Address,B3,45.00,22925,Program
23215,Address,Address,B4,45.00,22925,Program
23270,Address,Address,B5,45.00,22925,Program
23340,Command,Program,20,45.00,0,
23710,Command,Program,20,45.00,0,
23765,Address,Address,B0,50.00,23710,Program
23825,Address,Address,B1,50.00,23710,Program
23885,Address,Address,B2,50.00,23710,Program
23945,Address,Address,B3,45.00,23710,Program
24000,Address,Address,B4,45.00,23710,Program
24055,Address,Address,B5,45.00,23710,Program
24125,Command,Erase,30,45.00,0,
24180,Address,Address,A0,50.00,24125,Erase
24240,Address,Address,A1,50.00,24125,Erase
24300,Address,Address,A2,50.00,24125,Erase
24360,Address,Address,A3,45.00,24125,Erase
24415,Address,Address,A4,45.00,24125,Erase
24470,Address,Address,A5,45.00,24125,Erase
24540,Command,Program,20,45.00,0,
24595,Address,Address,B0,50.00,24540,Program
24655,Address,Address,B1,50.00,24540,Program
24715,Address,Address,B2,50.00,24540,Program
24775,Address,Address,B3,45.00,24540,Program
24830,Address,Address,B4,45.00,24540,Program
24885,Address,Address,B5,45.00,24540,Program
24955,Command,Program,20,25.00,0,
24990,Address,Address,E0,50.00,24955,Program
25050,Address,Address,E1,50.00,24955,Program
25110,Address,Address,E2,50.00,24955,Program
25170,Address,Address,E3,50.00,24955,Program
25230,Address,Address,E4,50.00,24955,Program
25290,Address,Address,E5,50.00,24955,Program
25365,Command,Read,10,25.00,0,
25400,Address,Address,F0,50.00,25365,Read
25460,Address,Address,F1,50.00,25365,Read
25520,Address,Address,F2,50.00,25365,Read
25580,Address,Address,F3,50.00,25365,Read
25640,Address,Address,F4,50.00,25365,Read
25700,Address,Address,F5,50.00,25365,Read
25775,Command,Read,10,25.00,0,
25810,Address,Address,F0,50.00,25775,Read
25870,Address,Address,F1,50.00,25775,Read
25930,Address,Address,F2,50.00,25775,Read
25990,Address,Address,F3,50.00,25775,Read
26050,Address,Address,F4,50.00,25775,Read
26110,Address,Address,F5,50.00,25775,Read
26185,Command,Read,10,45.00,0,
26240,Address,Address,C0,50.00,26185,Read
26300,Address,Address,C1,50.00,26185,Read
26360,Address,Address,C2,50.00,26185,Read
26420,Address,Address,C3,50.00,26185,Read
26480,Address,Address,C4,50.00,26185,Read
26540,Address,Address,C5,50.00,26185,Read
26615,Command,Erase,30,25.00,0,
26650,Address,Address,D0,50.00,26615,Erase
26710,Address,Address,D1,50.00,26615,Erase
26770,Address,Address,D2,50.00,26615,Erase
26830,Address,Address,D3,50.00,26615,Erase
26890,Address,Address,D4,50.00,26615,Erase
26950,Address,Address,D5,50.00,26615,Erase
27025,Command,Unknown,7E,45.00,0,
27080,Address,Address,B0,50.00,27025,Unknown
27140,Address,Address,B1,50.00,27025,Unknown
27200,Address,Address,B2,50.00,27025,Unknown
27260,Address,Address,B3,50.00,27025,Unknown
27320,Address,Address,B4,50.00,27025,Unknown
27380,Address,Address,B5,50.00,27025,Unknown
27455,Command,Erase,30,45.00,0,
27510,Address,Address,A0,50.00,27455,Erase
27570,Address,Address,A1,50.00,27455,Erase
27630,Address,Address,A2,50.00,27455,Erase
27690,Address,Address,A3,45.00,27455,Erase
27745,Address,Address,A4,45.00,27455,Erase
27800,Address,Address,A5,45.00,27455,Erase
28330,Command,Program,20,25.00,0,
28365,Address,Address,E0,50.00,28330,Program
28425,Address,Address,E1,50.00,28330,Program
28485,Address,Address,E2,50.00,28330,Program
28545,Address,Address,E3,50.00,28330,Program
28605,Address,Address,E4,50.00,28330,Program
28665,Address,Address,E5,50.00,28330,Program
28740,Command,Program,20,45.00,0,
29110,Command,Read,10,45.00,0,
29165,Address,Address,C0,50.00,29110,Read
29225,Address,Address,C1,50.00,29110,Read
29285,Address,Address,C2,50.00,29110,Read
29345,Address,Address,C3,45.00,29110,Read
29400,Address,Address,C4,45.00,29110,Read
29455,Address,Address,C5,45.00,29110,Read
29525,Command,Read,10,25.00,0,
29560,Address,Address,F0,50.00,29525,Read
29620,Address,Address,F1,50.00,29525,Read
29680,Address,Address,F2,50.00,29525,Read
29740,Address,Address,F3,50.00,29525,Read
29800,Address,Address,F4,50.00,29525,Read
29860,Address,Address,F5,50.00,29525,Read
30395,Command,Program,20,45.00,0,
30450,Address,Address,B0,50.00,30395,Program
30510,Address,Address,B1,50.00,30395,Program
30570,Address,Address,B2,50.00,30395,Program
30630,Address,Address,B3,50.00,30395,Program
30690,Address,Address,B4,50.00,30395,Program
30750,Address,Address,B5,50.00,30395,Program
30825,Command,Unknown,7E,45.00,0,
30880,Address,Address,B0,50.00,30825,Unknown
30940,Address,Address,B1,50.00,30825,Unknown
31000,Address,Address,B2,50.00,30825,Unknown
31060,Address,Address,B3,50.00,30825,Unknown
31120,Address,Address,B4,50.00,30825,Unknown
31180,Address,Address,B5,50.00,30825,Unknown
31255,Command,Erase,30,45.00,0,
31310,Address,Address,A0,50.00,31255,Erase
31370,Address,Address,A1,50.00,31255,Erase
31430,Address,Address,A2,50.00,31255,Erase
31490,Address,Address,A3,45.00,31255,Erase
31545,Address,Address,A4,45.00,31255,Erase
31600,Address,Address,A5,45.00,31255,Erase
31670,Command,Erase,30,45.00,0,
31725,Address,Address,A0,50.00,31670,Erase
31785,Address,Address,A1,50.00,31670,Erase
31845,Address,Address,A2,50.00,31670,Erase
31905,Address,Address,A3,50.00,31670,Erase
31965,Address,Address,A4,50.00,31670,Erase
32025,Address,Address,A5,50.00,31670,Erase
32630,Command,Program,20,45.00,0,
32685,Address,Address,B0,50.00,32630,Program
32745,Address,Address,B1,50.00,32630,Program
32805,Address,Address,B2,50.00,32630,Program
32865,Address,Address,B3,50.00,32630,Program
32925,Address,Address,B4,50.00,32630,Program
32985,Address,Address,B5,50.00,32630,Program
33060,Command,Program,20,45.00,0,
33115,Address,Address,B0,50.00,33060,Program
33175,Address,Address,B1,50.00,33060,Program
33235,Address,Address,B2,50.00,33060,Program
33295,Address,Address,B3,45.00,33060,Program
33350,Address,Address,B4,45.00,33060,Program
33405,Address,Address,B5,45.00,33060,Program
33475,Command,Unknown,5A,45.00,0,
33530,Address,Address,A0,50.00,33475,Unknown
33590,Address,Address,A1,50.00,33475,Unknown
33650,Address,Address,A2,50.00,33475,Unknown
33710,Address,Address,A3,50.00,33475,Unknown
33770,Address,Address,A4,50.00,33475,Unknown
33830,Address,Address,A5,50.00,33475,Unknown
33905,Command,Program,20,45.00,0,
33960,Address,Address,B0,50.00,33905,Program
34020,Address,Address,B1,50.00,33905,Program
34080,Address,Address,B2,50.00,33905,Program
34140,Address,Address,B3,50.00,33905,Program
34200,Address,Address,B4,50.00,33905,Program
34260,Address,Address,B5,50.00,33905,Program
34405,Command,Unknown,5A,45.00,0,
34460,Address,Address,A0,50.00,34405,Unknown
34520,Address,Address,A1,50.00,34405,Unknown
34580,Address,Address,A2,50.00,34405,Unknown
34640,Address,Address,A3,50.00,34405,Unknown
34700,Address,Address,A4,50.00,34405,Unknown
34760,Address,Address,A5,50.00,34405,Unknown
34835,Command,Program,20,45.00,0,
34890,Address,Address,B0,50.00,34835,Program
34950,Address,Address,B1,50.00,34835,Program
35010,Address,Address,B2,50.00,34835,Program
35070,Address,Address,B3,50.00,34835,Program
35130,Address,Address,B4,50.00,34835,Program
35190,Address,Address,B5,50.00,34835,Program
35265,Command,Read,10,45.00,0,
35320,Address,Address,C0,50.00,35265,Read
35380,Address,Address,C1,50.00,35265,Read
35440,Address,Address,C2,50.00,35265,Read
35500,Address,Address,C3,50.00,35265,Read
35560,Address,Address,C4,50.00,35265,Read
35620,Address,Address,C5,50.00,35265,Read
35695,Command,Program,20,45.00,0,
35750,Address,Address,B0,50.00,35695,Program
35810,Address,Address,B1,50.00,35695,Program
35870,Address,Address,B2,50.00,35695,Program
35930,Address,Address,B3,45.00,35695,Program
35985,Address,Address,B4,45.00,35695,Program
36040,Address,Address,B5,45.00,35695,Program
36110,Command,Read,10,45.00,0,
36165,Address,Address,C0,50.00,36110,Read
36225,Address,Address,C1,50.00,36110,Read
36285,Address,Address,C2,50.00,36110,Read
36345,Address,Address,C3,45.00,36110,Read
36400,Address,Address,C4,45.00,36110,Read
36455,Address,Address,C5,45.00,36110,Read
36525,Command,Program,20,45.00,0,
36580,Address,Address,B0,50.00,36525,Program
36640,Address,Address,B1,50.00,36525,Program
36700,Address,Address,B2,50.00,36525,Program
36760,Address,Address,B3,50.00,36525,Program
36820,Address,Address,B4,50.00,36525,Program
36880,Address,Address,B5,50.00,36525,Program
37025,Command,Erase,30,45.00,0,
37080,Address,Address,A0,50.00,37025,Erase
37140,Address,Address,A1,50.00,37025,Erase
37200,Address,Address,A2,50.00,37025,Erase
37260,Address,Address,A3,50.00,37025,Erase
37320,Address,Address,A4,50.00,37025,Erase
37380,Address,Address,A5,50.00,37025,Erase
37455,Command,Unknown,5A,45.00,0,
37510,Address,Address,A0,50.00,37455,Unknown
37570,Address,Address,A1,50.00,37455,Unknown
37630,Address,Address,A2,50.00,37455,Unknown
37690,Address,Address,A3,50.00,37455,Unknown
37750,Address,Address,A4,50.00,37455,Unknown
37810,Address,Address,A5,50.00,37455,Unknown
37885,Command,Program,20,25.00,0,
37920,Address,Address,E0,50.00,37885,Program
37980,Address,Address,E1,50.00,37885,Program
38040,Address,Address,E2,50.00,37885,Program
38100,Address,Address,E3,50.00,37885,Program
38160,Address,Address,E4,50.00,37885,Program
38220,Address,Address,E5,50.00,37885,Program
38295,Command,Unknown,7E,45.00,0,
38350,Address,Address,B0,50.00,38295,Unknown
38410,Address,Address,B1,50.00,38295,Unknown
38470,Address,Address,B2,50.00,38295,Unknown
38530,Address,Address,B3,50.00,38295,Unknown
38590,Address,Address,B4,50.00,38295,Unknown
38650,Address,Address,B5,50.00,38295,Unknown
38725,Command,Read,10,25.00,0,
38760,Address,Address,F0,50.00,38725,Read
38820,Address,Address,F1,50.00,38725,Read
38880,Address,Address,F2,50.00,38725,Read
38940,Address,Address,F3,50.00,38725,Read
39000,Address,Address,F4,50.00,38725,Read
39060,Address,Address,F5,50.00,38725,Read
39135,Command,Unknown,5A,45.00,0,
39190,Address,Address,A0,50.00,39135,Unknown
39250,Address,Address,A1,50.00,39135,Unknown
39310,Address,Address,A2,50.00,39135,Unknown
39370,Address,Address,A3,50.00,39135,Unknown
39430,Address,Address,A4,50.00,39135,Unknown
39490,Address,Address,A5,50.00,39135,Unknown
39635,Command,Read,10,25.00,0,
39670,Address,Address,F0,50.00,39635,Read
39730,Address,Address,F1,50.00,39635,Read
39790,Address,Address,F2,50.00,39635,Read
39850,Address,Address,F3,50.00,39635,Read
39910,Address,Address,F4,50.00,39635,Read
39970,Address,Address,F5,50.00,39635,Read
40045,Command,Read,10,45.00,0,
40100,Address,Address,C0,50.00,40045,Read
40160,Address,Address,C1,50.00,40045,Read
40220,Address,Address,C2,50.00,40045,Read
40280,Address,Address,C3,50.00,40045,Read
40340,Address,Address,C4,50.00,40045,Read
40400,Address,Address,C5,50.00,40045,Read
40545,Command,Program,20,45.00,0,
40915,Command,Erase,30,25.00,0,
40950,Address,Address,D0,50.00,40915,Erase
41010,Address,Address,D1,50.00,40915,Erase
41070,Address,Address,D2,50.00,40915,Erase
41130,Address,Address,D3,50.00,40915,Erase
41190,Address,Address,D4,50.00,40915,Erase
41250,Address,Address,D5,50.00,40915,Erase
41325,Command,Erase,30,45.00,0,
41380,Address,Address,A0,50.00,41325,Erase
41440,Address,Address,A1,50.00,41325,Erase
41500,Address,Address,A2,50.00,41325,Erase
41560,Address,Address,A3,50.00,41325,Erase
41620,Address,Address,A4,50.00,41325,Erase
41680,Address,Address,A5,50.00,41325,Erase
41755,Command,Erase,30,25.00,0,
41790,Address,Address,D0,50.00,41755,Erase
41850,Address,Address,D1,50.00,41755,Erase
41910,Address,Address,D2,50.00,41755,Erase
41970,Address,Address,D3,50.00,41755,Erase
42030,Address,Address,D4,50.00,41755,Erase
42090,Address,Address,D5,50.00,41755,Erase
42165,Command,Program,20,45.00,0,
42220,Address,Address,B0,50.00,42165,Program
42280,Address,Address,B1,50.00,42165,Program
42340,Address,Address,B2,50.00,42165,Program
42400,Address,Address,B3,45.00,42165,Program
42455,Address,Address,B4,45.00,42165,Program
42510,Address,Address,B5,45.00,42165,Program
42580,Command,Program,20,45.00,0,
42950,Command,Erase,30,25.00,0,
42985,Address,Address,D0,50.00,42950,Erase
43045,Address,Address,D1,50.00,42950,Erase
43105,Address,Address,D2,50.00,42950,Erase
43165,Address,Address,D3,50.00,42950,Erase
43225,Address,Address,D4,50.00,42950,Erase
43285,Address,Address,D5,50.00,42950,Erase
43360,Command,Erase,30,45.00,0,
43415,Address,Address,A0,50.00,43360,Erase
43475,Address,Address,A1,50.00,43360,Erase
43535,Address,Address,A2,50.00,43360,Erase
43595,Address,Address,A3,50.00,43360,Erase
43655,Address,Address,A4,50.00,43360,Erase
43715,Address,Address,A5,50.00,43360,Erase
43790,Command,Unknown,5A,45.00,0,
43845,Address,Address,A0,50.00,43790,Unknown
43905,Address,Address,A1,50.00,43790,Unknown
43965,Address,Address,A2,50.00,43790,Unknown
44025,Address,Address,A3,50.00,43790,Unknown
44085,Address,Address,A4,50.00,43790,Unknown
44145,Address,Address,A5,50.00,43790,Unknown
44220,Command,Erase,30,15.00,0,
44270,Command,Program,20,15.00,0,
44320,Command,Read,10,15.00,0,
44370,Command,Program,20,30.00,0,
44415,Address,Address,A0,25.00,44370,Program
